{"currentSceneName":"Scene1","playerPosition":{"x":22.285629272460939,"y":11.594982147216797,"z":0.0}}