{"currentSceneName":"Scene1","playerPosition":{"x":1.3399991989135743,"y":3.679996967315674,"z":0.0}}